Address,Amount
0x8f51DC0791CdDDDCE08052FfF939eb7cf0c17856,4422
0x9A94Ac82B17E67F7dff81912de68EB74ca20E6C3,4220
0x1116e33f241a3ff3d05276e8b0c895361aa669b3,3866
0x5C2FaF83a5731aB94af7a7E4c64Db16857C91D77,3718
0x5A9dECFD5f146FCD1D1b85B2Ee069F4502fC87E4,3710
0x5d1ed874ea2f4269c2e1D075973c7fdb7b39154A,3705
0x71F50B419da51147760D24305e3bd1c75FF6A8f7,3624
0xb5f31925E1Fd7cbe1441cEdaE1c899f60B78f868,3431
0x4fef13507bAbf5621b89C892c91A73b8329Cee36,3320
0x37BAedAA536f7144E72915C683e6095177D33e78,3253
0xC685cCEcFEa58D10d0ca1a058bb0B37032a7a310,3142
0x9D8660d5aDdCABef1fc6bc4123971Bf2b859298b,3003
0x50111E51Cf97d6165e1A88D5CA0d4a4fa5d6c47E,2940
0xba3982536F79090D4d68cD14e1B7d15fF1014030,2922
0xEf48752C933b1050187e89A9F909De2b9e0BDCE6,2860
0x289769b63e4727616C340989E396fE69ab42Ed93,2851
0x7FF9Dc4890C10542ee5c01B420da01654f2791E0,2835
0x20a4D259f3ACe36bf3884Be449b24Be11562F093,2734
0x3FB19771947072629C8EEE7995a2eF23B72d4C8A,2722
0xC20F4412fa84b33e0f3657113736F229a811A285,2720
0xb27BE3DFaf0AE70A64568eb216AfC08566596c8A,2674
0x2c844b941C67b24C799Fd43bAd117cDF7F23ef81,2585
0x4d82BfC8823a4F3AF82B0AdE52ff3e2d74A04757,2569
0x16204069922fc4242FbbC5c664970c9601015865,2561
0x9F444b3b4911566Dd3aE10e5e22f2e7eABef007A,2543
0x208B03553D46A8A16ed53e8632743249dd2E79c3,2498
0x64C9FfF75850A4aCd760d0493a7508BDe252AC03,2490
0xF1D726648b52b36A44F844e3126A0EeEf739A1e4,2430
0xb791cd0A3501e60798Cb477FD69406F5422BB25c,2394
0x5e3c5FBc71A75eF0c0e3273962748e4920C82567,2373
0x58269cac08173c48c7719a632523c0671a32cd72,2310
0x33099CAe3636D11E8cb880a14c00fe28155aBad2,2309
0x90c2d0Afe2106dE5731f14FD1a968572D226Baa3,2267
0x4827Acd22429C1832980b4039f144b40311D9261,2178
0x63a471Bd2464d0dbb16ab5600a4002E0A159A1f2,2155
0xCC8bd090b41dFE2D198F7b692e9F0925b3869AD1,2131
0xC9D73e14aAf12d4967fED15CEA1A30e1e05aa848,2127
0xf815970481BF810Bb029C7AfE035D291133aC188,2098
0xEB0247385772812E6d5Da237724Cf28d400b2357,2098
0xd8cf34fa24a8e57427a64f7dcfb455499eb20d5e,2090
0x9934465Ee73BeAF148b1b3Ff232C8cD86c4c2c63,2025
0xcF7B1161D2616d842C5dfA4F1F7cfa4D8f3ac99D,1981
0x1503C6179CC791BfEB7cE7540C4FEE817dfB13d1,1933
0x3Eaab84B42F9fCf2A9B3f2FDB83572B4153eE958,1906
0x5e20682be95cd9319b0557d905384bb356932116,1892
0xca4aD39F872E89Ef23eABd5716363Fc22513E147,1868
0x4654a70C7c13AC3004819B881dc450E8A1A2Dc2e,1857
0x23ba94eD7E1f027294fE1c2108873649aF763C90,1842
0xb83C3d2cA76D79503127140c11f06A93bdc03B0E,1826
0xD055690c48ca6579Bf516E2F2Ae4Fde831f9dB6E,1748
0x759Ea4982188F201B593db78F68Bdd312dDA0748,1728
0xb25141912c811aB85f5Dd554453Fd1fd421fad42,1671
0x5E15DBf75d3819Dd9DA31Fc159Ce5bc5f3751AB0,1645
0x851F4027f8A4B1a2bbdC3902f98f395A27887467,1644
0xC98786D5A7a03C1e74AffCb97fF7eF8a710DA09B,1640
0xec928cA4A3106b5b2C6b8ef094f3Bc6c51EFC1a7,1635
0xDC198642f5df2917380850Ce94F57B5f70eED3AB,1623
0x6A32651F7D6131A0cAB2c649190F3B256f1A959D,1617
0x7D74040e5CDC166CA6af51CA39daE1c8f94ECd6d,1573
0x523a911918444D03eb9C8aFF5c13D9aa6A44348F,1568
0x2131Cc1DF85eA0393d2c68DaA0CefDD124b699a4,1568
0x842d45cdb8999d2067578e010cd43f063d873c90,1555
0xEa4463751482DbCB787fc7EE168CBe704Df8Cb0F,1552
0x330ba9Ac0368399253077f113bFb9c582F21e733,1548
0xFf3457631326a02620d5dF7A9E07739F881F6c47,1524
0x55610356a4Cc121865956D6381a0893b24a14569,1516
0x6c9770edc75b4D1e1F49d7ce7a65541CA67602bD,1495
0x8a45643ABC0a981FAadaAd72aE6d3b22A0AEa81e,1489
0xe69D34cB7aa746005Aced88F580AA663aD13cC2c,1484
0x31bCfe0836492224C71410D62d4e0532ca128B3c,1462
0x841C11b14c428dd591093348B8Afa2652C863988,1447
0x5c7e85c6e93570Ba4f45e41aB41ee8e06e14772F,1432
0x596ce8f4Adda81ea860f9A6ADEEFe19248f46a47,1418
0xb82896C4F251ed65186b416dbDb6f6192DFAF926,1401
0xE73a198e7C07c418D7dcFd42f5E953074aBbD125,1395
0x430433c63a50D9Cf77bbaa86A9806bA71f2bcB0d,1392
0x668fecC0D5Cfc17774A6C64e75D0C4A72C394CCb,1368
0xaA3600788b72863ff51C8f0dB5F10bB65fbFeAB4,1340
0x57176B05c2AF84b6C41E633A9d641F2309ed0bcC,1333
0x79084571E065717dC362bB949bd5f2E9a1baB094,1317
0x37c123d902F4383Ee13aE8445E2477a364930394,1308
0x9e19E15eE8Aac30299D87fFa80714743cD57Ed5d,1306
0x476E2651BF97dE8a26e4A05a9c8e00A6EFa1390c,1275
0xF62DaAe4c3f9Fadf689F767716a82dFEe5026C89,1263
0x946C35bD4332f44680Eb98358CC1715a9D84480E,1258
0x52EA7097F080DfB6e6C3F0BbCa57a89d0A2487d8,1237
0xe22207d489bb2bbd05c2d2da1d3450093f5f4c77,1234
0x144c4E5027B69f7798B2B162D924BcAE5c149f15,1229
0x977e47Fb87BDeE6c016c242eE643a08517517075,1226
0xd1800C1Df4e798954b992a1b8C8fB7C02c3957D6,1215
0x240ef8C7Ae6eB6C1A80Da77F5586EeE76d50C589,1209
0x4d3C14235b42de915B2671dd476bfc48f0ae02ea,1205
0xa414bA61806A41214e98e3b7766F6C2435333449,1161
0x5d4e15F0A3AF0066826A90f31855e3d3d8Afb6dC,1156
0x2F4167ABAa9779E41dCD3798CE7F9D0826003d4c,1126
0xF6320E6195A816E44F9599F322D489cAbbC45D24,1118
0x672513d6bD18260b4b7AA9409D261842E06A188d,1086
0x7e95b093277716C7A7f5E9B7B763836506429b80,1082
0x2949d0157Ef65a9226a4A0E0cFd0Ac52433520d9,1051
0x8922C8Ac42AE84cED3A4e8D54Ce7FCb3d52EbcB2,1025
0x169833EBB85FBD3cb67eeC73Ed02f738c0017951,1017
0x8efE51753dEfd7A1A82458731fbc05Fa04Cb2d1e,1015
0x89954a259Aa36280010139e6F8FB0E01997B4A7C,994
0x7C27731a0d47A7e38d5901cb69b4ceD436BCf4ED,982
0x1885AeF3bDBce473Da29D71FA2FF964C84Db760A,960
0xac5C0105914F3afb363699996C9914f193aeDD4A,948
0xE8D5fc9dc2EacF6FCbB97E7F92049834643DEe44,938
0x4051b9FD2B8474fa84eEeF987D9CDC88F0651C62,934
0x1FaF59040e9087675A7198E3C79d34dE2f5796b1,928
0x720c293071a9e084c3A8c82F42c98065Be546FcC,910
0x7d03C5c37f77Fd01211334B9115CA108C84E8f3B,905
0x0d0c0941e2578da2b9E2Ad03619615f7EeBc48f7,904
0x3efcAA8E8AF17085Afd84d56944eBacD1FDC0688,904
0x2aa64E6d80390F5C017F0313cB908051BE2FD35e,883
0xF3Ad97364bcCC3eA0582Ede58C363888f8C4ec85,882
0xC117d2f70BE4A766e7F3e055547E7C5403D447BC,857
0xAcD59e854adf632d2322404198624F757C868C97,855
0x2eb4eB9CE6150eB1F10eCaAddCA59A9dEa84D135,821
0x9fe8DEB06EC0F15C1d9D975B2D6561BcdBc690f2,816
0x9F75582d2bE13b5EE454161EE394daadA8B39efa,810
0xa1f70ffA4322E3609dD905b41f17Bf3913366bC1,803
0x0dcBD66688c566D3c338f120B8a1D58B8E8992fA,777
0x93F99bb4e9f3639775C63b087008d3C4Acf442f1,769
0x9F0f49D42dB395cA15Cf8CAdC56410B0137989B4,760
0x58Dc572CA04333838d638026b1C85eaCabD6159f,759
0xbE2bB87599Cd8B2733c35Ff6017ea9c116F694Ef,743
0xe77A0532DE8AC992793149e8502D4f21BD6e3185,741
0x38EF9eb6cfA5bbCeE50DDB90c424814abB25f61b,715
0x8E7cB2aC274789F35467fF03e9236A25F9c75ec8,696
0x7231D8CCF0bcF5678dB30730EfE18F21d520C379,694
0xC00DA57cDE8dcB4ED4a8141784B5B4A5CBf62551,684
0x5EAf9025b1e3459Eba17Ce8A4959158Ac1CDCbdb,662
0x4C7e737cf319AEb92C03d6DF82d75BbD3Cf48fB6,662
0x6E6442eA761D412615b5498E0A13bEfD6e8f37E6,662
0xD8503738961676A1b7EDe7670580944051D01d33,653
0xf9436398a70146f58f535c6b93d6845d1afb390b,653
0xAfBfbCFB5537fa54243082f890f4De7fD9Ec529B,640
0x20F50b8832f87104853df3FdDA47Dd464f885a49,626
0xe5Bc8dD2C7fDd485125a19771A7E136dE6d022B6,625
0x9C8FB3f1EB151B8e15E3Fa70A789a3b8aeCDC9a0,610
0x31AB637bD325b4BF5018b39DD155681D03348189,607
0x9dBe8E95bbf68fb2d445a8012c537238b9612F5A,601
0xabba654669Dc595F81519FDb45a6ACC4e20066C9,590
0x5235e4475ac82f31027E09856A6599A7Dcc3C5b4,588
0x16240f6655F5f9e0A4965A27f857e59c4922255A,569
0xF3709C87432488B6aAEb9629cf5cb5BA6Db793F0,551
0xa4B08eCc105930e373df324Bdd6c4F98dd328A6C,550
0xde25bf927c839355c66ee3551dae8a143bf85f9a,549
0xB7a3402d071beec1C81a05D86b691b0c4F0c1D20,533
0xB2206f941A5206B55BFA33E665687523A8bcEd80,526
0xc49B8e093600f684b69ed6Ba1E36b7dFaD42F982,523
0xb67b12012D620c72D514B1bf48984e5C02472ed2,514
0x243d606E4bdb32995e62E2C1126c499590c599E6,503
0x96Ceaf45F78D75A23B322dE11E862160F6a21143,501
0x22cAc6a8E7FF5ce7b35c862cdD5A11c288AEf142,500
0x646bcae5D25a21cB452bFCd8BaD01008082c8BFC,493
0x5A80307Eb58Ab20530be96bB882146A327ec7251,485
0x1B49D8c6eCf5c76bC8276771813c534C1dC0f64a,475
0x3d958C62b36e01018644538Bd1998C1E9BE1dDD8,472
0xD36298D10b58aA86309258a70Fa31c6FE47810E0,456
0x5F56E995e8D3bd05a70a63f0d7531437e873772e,408
0x672513d6bD18260b4b7AA9409D261842E06A188d,403
0xaF187aB578575b9ba0d05140d7ABF062435a1337,400
0xfb01313Ef6FC6e683d1408E98c93B19d9C16F1BB,384
0xe315d2B2c2983AF0056A52538D22F9Fe4d27a7c3,355
0xa94A71d6E643693F381e7E94DC6Fb06320F39de2,334
0x92c794d97ee4CBeF692B9EF7a57e27562d913da8,288
0x61C5f2a37D65A173Eaf4157f02D4FD10043e2455,284
0xD5F19D95C3933b6a1A3C80b397F3A8eaF2Be1671,284
0x5eF9420A7EcC81cBc143eDd28Ac12487E4Da2c6d,272
0xC4D696972fB71eA7298EDA1AcD7c0B1701AF787C,272
0x44491dAAC11FF9962fA4AE1B64e9F01471437890,246
0xb10f1c8df7b25ceeedb5244f8bbef99a5af1200d,237
0x3DB5b38ef4b433D9C6A664Bd35551BE73313189A,237
0x8b64990A6684586a68d36873f53f055838DFB340,237
0x826bEbdAF721FCD2Fa29531F4eD3d41E2d707294,237
0x57F9a9C5b176196C713eBC5b314D34F2a769a54F,237
0xFD9d1275Ef5fB101c4012c6CDa1074675e7d6e5d,237
0x7320f31D71A5294f04f7eEeb101418FEEd3d3119,237
0x140D3f60AC840571a3e08e218B823094d4715564,208
0x8e8F48ABD139764b4656d090afd1Cfd2582e4f49,195
0xF2500381F9787Ae91F571Bc265CD7fB89E8612b7,137
0x934cA93d9380f7d72b84304b1b00ac192488590d,104
0xac93417DF4843081131963cDF80B31aFa86b03a7,100
